{
  "sensors": 2,
  "kwh": [
    0.05844760,
    0.08485921
  ],
  "kwh_hour": [
    0.05844760,
    0.08485921
  ],
  "kwh_day": [
    0.05844760,
    0.08485921
  ],
  "kwh_month": [
    0.05844760,
    0.08485921
  ],
  "kwh_year": [
    0.05844760,
    0.08485921
  ]
}